,lineout pixel,Radius (\mum),amp3_general,ud_general,Va_general,Ti_ion-1,Z_ion-1
0,355,-490.8257263057012,1.0709792228776205,28.09122082749711,0.7154184047601557,0.15061394716870435,3.121210078351002
1,362,-470.6657263057011,1.1060531810010599,17.356586071874,0.4590272321879816,0.14166031471512294,3.199080193910885
2,369,-450.5057263057013,1.0778435302086915,15.16333688271046,0.3900662356988178,0.13868568167983092,3.1101252491644056
3,376,-430.3457263057012,1.082493520064613,12.673117754725219,0.3853274057494964,0.14313095350283828,3.133819381050191
4,383,-410.1857263057011,1.0846641052227388,9.789628225316008,0.3359465660090528,0.14617997372467031,3.2659771971919658
5,390,-390.02572630570126,1.057358901771161,6.577496540415815,0.6691835967273576,0.14691794618057463,3.1389110191487752
6,397,-369.8657263057012,1.10132551433841,14.560300117122694,0.5504658089552983,0.1489157915073231,3.4093947837143306
7,404,-349.7057263057013,1.010279759182582,3.075762796112471,0.42532023626474214,0.1440493354271118,3.2923036630595925
8,411,-329.54572630570124,1.0605418971407323,21.00042763188401,0.6822739205050325,0.1524899328730318,3.2578019528059694
9,418,-309.38572630570116,1.002780943832292,-3.0951458661545743,0.46459911640052454,0.15146970658053818,3.1627316665719523
10,425,-289.2257263057013,1.0685909141145284,1.165207808172127,0.39314855094793266,0.15471280660157985,3.254339916612238
11,431,-271.9457263057013,1.0640492742956462,10.840128048122878,0.3734008908685773,0.14826937456737307,3.1684416145965124
12,438,-251.78572630570125,1.0564710609931334,5.84345812344224,0.4145143122193673,0.14262406855702556,3.2625055278381065
13,445,-231.62572630570116,1.0559607801886928,1.493388220575902,0.41286141014961686,0.14420004360689995,3.361525058835461
14,452,-211.4657263057013,1.082070725885247,16.11317754567918,0.2617233495991851,0.14975854782721934,3.3613780870223833
15,459,-191.30572630570123,1.06497571931319,18.095634642963503,0.6293438471658792,0.15146691809932944,3.3341405471130807
16,466,-171.14572630570115,1.0538693467039746,12.904181219766791,0.5858592985167395,0.15016392094434092,3.3312343539523654
17,473,-150.9857263057013,1.0524870644021649,21.49208788961932,0.629036937557089,0.1523334994869678,3.171661417335162
18,480,-130.8257263057012,1.0608136529257042,17.884209871577852,0.5944130646071386,0.1598286307242962,3.2897300801545666
19,487,-110.66572630570113,1.0577085041079621,9.015233768966567,0.455985081292841,0.15170407950788845,3.2623087649470017
20,494,-90.50572630570127,1.1064628874244136,16.491067093041153,0.26251580469586244,0.16535966228103013,3.158640627906957
21,501,-70.34572630570119,1.0644609329122094,7.734382685008228,0.2610347346388746,0.1470539295013044,3.1246430186510343
22,508,-50.18572630570134,1.049656231146666,3.4297013964505467,0.5851278245070546,0.15706172373395594,3.060851053605849
23,515,-30.025726305701255,1.0522468812238244,-11.72512527790268,0.3257765990277903,0.15198585865500985,3.0072757634267
24,522,-9.865726305701173,1.039245764055627,-12.282953189746884,0.1731968455754611,0.15423379061535203,3.1505668416943506
25,529,10.294273694298681,1.0041657580351648,-5.0448332850199975,0.3857044160800882,0.15213994085002755,2.900289990032137
26,536,30.454273694298763,1.0486703306082297,-39.133826530675734,0.2851567156121533,0.1562355416432992,2.6397752975769064
27,543,50.614273694298845,1.053883301243546,-38.55574902594812,0.4261071746204266,0.16364699271113062,2.631329243507731
28,550,70.7742736942987,1.0617085012557648,-6.7032428483002775,0.3584071224146861,0.15764850463513688,2.714464767311037
29,556,88.05427369429867,1.0757704363194087,22.11384194426158,0.9589377224622968,0.15679361711269044,2.6050023588853315
30,563,108.21427369429875,1.030867374112918,39.26629625632424,0.6826637125917792,0.1468357191484134,2.3837687842236024
31,570,128.37427369429884,0.9984980185465534,37.18928897412532,0.8563376487098928,0.15055294619817175,2.2891951183151686
32,577,148.5342736942987,0.4217755681589206,-39.01048098780488,-0.392377611865685,0.34374472723343386,1.1165286387123894
33,584,168.69427369429877,0.35635098869388326,-38.38260121202104,-0.10437590847409339,0.35118695748184015,1.0662935026347808
34,591,188.85427369429885,0.34542166129341406,17.393560938309427,-0.0010142277389295629,0.2842003100802556,1.2031000746160279
35,598,209.0142736942987,0.5252528800477416,31.40010453284397,0.8376535602487305,0.16734445904847162,2.040387160715391
36,605,229.1742736942988,0.34763483499196,39.31791902400916,0.032463216434713615,0.3187601873658889,1.0074280636828752
37,612,249.33427369429864,0.5203110910956732,37.98527697893509,0.3961179716720302,0.17277245025581275,1.6414121336614662
38,619,269.4942736942987,0.266131619487704,-39.04413842287801,-0.8568867641432174,0.25695567567816235,1.0027876114156378
39,626,289.6542736942988,0.8687314796370268,-37.954309441701426,-2.3321650387634687,0.04394147951465514,1.0002657477138717
40,633,309.81427369429866,0.2449784060544457,-24.903140319963825,-0.22511003744587832,0.2617766492402396,1.0013741928024016
41,640,329.97427369429874,0.2779992341270615,28.023645390907447,0.3402760342094151,0.2944339279444266,1.0004939264487878
42,647,350.1342736942988,0.2636635192539745,39.31185824818016,0.6246113671686793,0.29423668610816495,1.006656887679139
43,654,370.2942736942987,0.25448303941073863,37.90896595906892,0.6366587061430984,0.2836870315678797,1.02772800090985
44,661,390.45427369429876,0.3277950689509779,-39.04294503672079,0.2545714726335788,0.269900410898375,1.0027578207841537
45,668,410.61427369429884,0.3882091375167823,-37.96929958299416,0.1514181210410026,0.2700088054634632,1.0002653339487486
46,675,430.7742736942987,0.3213803409469103,-24.686975387103676,0.11453318757793163,0.2560237470466403,1.0013688107346377
47,681,448.0542736942987,0.33865711828312756,27.821379626418945,0.43328587987304346,0.2844857374041127,1.0004934441320474
48,688,468.21427369429875,0.355626801394667,39.311600934907204,0.6988808295916922,0.30399446993544244,1.0066554536099477
49,695,488.37427369429884,0.2882600163313585,37.90762714969742,0.7624200286441329,0.29019909834239105,1.0276730881333742
50,702,508.5342736942987,0.35247991649157434,-39.04289433661995,0.25400696165352166,0.27402689373621053,1.0027576232914652
51,709,528.6942736942988,0.38269251749632616,-37.96944653716587,0.1540424657608348,0.2718029375191463,1.0002653321350576
52,716,548.8542736942989,0.33142526953954426,-24.682638977707022,0.12990275108661287,0.2583415298607136,1.0013688114668835
53,723,569.0142736942987,0.34427101820477557,27.818077300796972,0.4379719923417653,0.2857957800571698,1.000493445002816
