,lineout pixel,Radius (\mum),amp1_general,amp2_general,amp3_general,ud_general,Va_general,Te_electron,ne_electron,m_electron,Ti_ion-1,Z_ion-1
0,226,-869.4133862399999,0.6668327003092686,0.7943583965497617,0.7633574831142164,0.23018680450454357,8.785737917711337,0.14067323229272433,0.06441321293822402,2.0204230171627806,0.1343872293852619,2.914191256437662
1,236,-840.61338624,0.6463257753029208,0.8714271274347228,0.8300918237463945,0.6369146217472593,8.88054477552916,0.1624043363372785,0.061009844616138,2.0052408079438893,0.08717094545361764,3.445450018732844
2,247,-808.9333862399999,0.650427178083515,0.9694384432081843,0.8323637119170532,1.6801188870613222,8.566262013993793,0.15985881011445097,0.0690182232832655,2.0030381535631445,0.09948120843718379,3.459167577299684
3,257,-780.1333862399999,0.7432715260286629,0.9866259948408214,0.9870228410756259,11.833156082316505,8.507632511461127,0.15780107251274028,0.0761666277564686,2.000380452571904,0.09870370059915638,3.514399049125287
4,267,-751.33338624,0.7079279381479507,0.7517184297394653,0.7971308367261322,0.03650759795001441,8.40802355885568,0.15069442222041216,0.08444713472140229,2.0008699057356307,0.12892574457863465,3.7069853370538763
5,278,-719.6533862399999,0.7294223526559275,0.7876140253562358,0.894821029515245,0.14112240256364633,8.65648665274445,0.17747094301456617,0.0891994323191633,2.0005715509372513,0.1099238396563101,3.3135984885070133
6,288,-690.85338624,0.7327928290283681,0.7960337615372357,0.9314046907694912,0.16021518302645343,8.759865311990026,0.1854676106541246,0.09753129311612718,2.0103313090045227,0.13551004079201542,3.2494351865437623
7,299,-659.1733862399999,0.734828886170724,0.6996360881095655,1.042350002074793,18.27914696216785,8.663267351147129,0.20109932755916937,0.10124314612572533,2.0044505820463296,0.14035893930369026,3.499883060303867
8,309,-630.37338624,0.6743493405221392,0.7080049154814004,1.012493846111211,24.999830490859438,9.170279055396204,0.20655606646876473,0.10775084499404411,2.0016401939342114,0.12356543835628284,3.633324697653079
9,320,-598.6933862399999,0.644853958292705,0.7893971804040353,0.9516205569523281,8.008806950119537,9.033362582480073,0.23210304120628272,0.1143691707124228,2.0003652994630494,0.16736615298543214,3.2771919318937455
10,330,-569.8933862399999,0.6975548815225805,0.7300632961306373,0.809268009881732,0.062000885206880844,8.763321115388473,0.22237484428679655,0.12472589428350782,2.0008260184711846,0.1688507219159582,3.5051212840049035
11,340,-541.09338624,0.6850822139090377,0.9984729260735073,0.9070035068429432,0.09528744198498475,8.97962698764879,0.25357764529207216,0.13199532836628936,2.0005415328482394,0.19857643169543973,2.8972118412767283
12,351,-509.4133862399999,0.6835147654049479,0.7462672578988845,0.5695001962334668,0.17483404988814463,9.285614697904672,0.25654430082229196,0.14641885769579258,2.009478155688816,0.22259094724181946,2.7208255634857776
13,361,-480.61338623999995,0.667211521554362,0.8530322588563383,0.4292754635560427,0.37865999679855106,8.789345917395623,0.2707447798658453,0.15412608808793077,2.00411956701025,0.23823287039875152,2.8404630418107955
14,372,-448.9333862399999,0.547711330235085,0.7324728926950571,1.0082907914555705,24.999830500775456,10.123117372171782,0.2819711108499656,0.16308535730873674,2.0015152726265915,0.11825352408360468,2.5872361583755135
15,382,-420.13338623999994,0.6548083987149249,1.0169945190446235,1.0873429136164479,2.0414579315882695,10.03468960933461,0.2795771836840066,0.1688839160747936,2.0003620760646204,0.056181111608439666,2.897885946699015
16,392,-391.33338624,0.6265833458108652,1.0283247981538486,0.4484182417502019,0.06100236760294345,8.178328375855054,0.2840066772398256,0.17593222522670943,2.0008200855408136,0.3136281174594955,2.2642796020959945
17,403,-359.6533862399999,0.6720907597693525,1.0312217861156099,0.4870058122733301,0.08977147000110774,8.069432700425667,0.2933443809393024,0.17962646603160945,2.0005397684949116,0.30091208137888825,2.2455675478604027
18,413,-330.85338623999996,0.6996290096149479,0.8647154417574906,0.6435654523985618,0.17303399838169922,7.764342150742644,0.2821451314754144,0.18649674727401222,2.0094244371170493,0.2694386254696974,2.6662968934613707
19,424,-299.1733862399999,0.551511578438034,1.0621542317498749,0.6727095285534074,0.3621030520695687,7.045867382540207,0.2833234952970545,0.1881943312838898,2.00410639403893,0.30781143658259114,2.630654190675227
20,434,-270.37338623999995,0.5869288996270547,0.8225551070586496,1.044347193957603,24.999830495035496,6.523688076322019,0.31391356159834227,0.18434103147464487,2.0015112199134326,0.22681966713163423,2.549791156880975
21,445,-238.69338623999988,0.6043426305306758,1.0252692328649937,0.9734095305711962,1.612338376123269,10.079390179508053,0.31057711990555875,0.1827381096625125,2.000361776343051,0.0529614274985233,2.9936526783359376
22,455,-209.89338623999993,0.6628798546502492,1.0187063372597946,0.5524202167279495,0.06056629128367166,6.542405239276776,0.2947780335138427,0.1891791846752257,2.0008194218357005,0.3347241210091986,2.248785613926353
23,465,-181.09338623999997,0.6375309330656368,0.9980471823912069,0.6795975816271902,0.08927957084913248,6.976875393319581,0.2974039868931182,0.18871749878484473,2.0005396628218306,0.34227081259367764,2.2992504257481965
24,476,-149.4133862399999,0.545649958664191,0.9613997726470517,0.7164508407395563,0.1649836352047183,6.901983843341952,0.2938460437837073,0.1927401582540777,2.009269617419843,0.31197588985212793,2.5776022927361093
25,486,-120.61338623999995,0.6636118417901034,0.9974071840664198,0.6989668447986511,0.31715109990193796,6.289843913120884,0.2981273788560954,0.1920493258840779,2.0040452150177828,0.30554549891658184,2.3638013748662123
26,497,-88.93338623999989,0.5390821101070606,0.8387549200177165,0.8763964341272223,24.99983048699926,7.358545879309726,0.3103403371178383,0.19042463190748124,2.0015067432407636,0.2672046609810407,2.5706235388993703
27,507,-60.133386239999936,0.5950754953861604,0.808947909486062,0.9416241493785695,1.4207639363038036,9.996896469252622,0.30703644826433757,0.18880688937136422,2.0003616054697333,0.05833876708344596,3.0013764689460403
28,517,-31.33338623999998,0.6085763184942659,0.9175066604087351,0.792585428785465,0.05997562423553099,7.032156983887721,0.3024204734693929,0.1883169472738315,2.0008182917150172,0.3462341522911072,2.06059924879413
29,528,0.34661376000008204,0.6567848352009857,0.8128901322948218,0.7811544916734064,0.08689491732391273,6.672620318216512,0.2898365069448954,0.19610073313369564,2.0005387222709308,0.3239506265483823,2.1173941162310803
30,538,29.146613760000037,0.49771498437451867,0.9502117273111644,0.7089648930370839,0.16411006692040156,6.78313610008715,0.3027395725958137,0.19330284324289054,2.0092330962340084,0.3012742320878878,2.5073560417975504
31,549,60.8266137600001,0.5876656575923468,0.6961524965400703,0.7393482239603767,0.3147413357255422,6.579698366051773,0.303005315079346,0.18829769031779936,2.0040399710974235,0.31352073281519627,2.313719819300518
32,559,89.62661376000005,0.5090174595028256,0.8497730285073817,0.9230314727048635,24.99983048586148,7.017212823108688,0.3112637682337977,0.1895386666205293,2.001505548347709,0.27411001169911253,2.439071719887008
33,570,121.30661376000012,0.5957030215867429,0.8553795162150343,0.9410389723812715,1.359159797971303,9.949798839044325,0.30824115491414283,0.1848632704978592,2.0003615702196984,0.05983796128079595,2.9890196123950767
34,580,150.10661376000007,0.528437570014314,1.000294346985731,0.6814525395338356,0.05981095667764869,6.541448340235701,0.28671683794715874,0.19368061635727224,2.0008179944797977,0.32903299628245775,2.008183478188947
35,590,178.90661376000003,0.6125177116780899,1.0167818134514346,0.5656621289137372,0.08639898288707351,6.0756576665237745,0.28636074966865505,0.19220183547259617,2.000538545307413,0.2892185500868168,2.0221226726723813
36,601,210.5866137600001,0.6675536694194082,0.8056436770867351,0.5298405303096743,0.09949288611944167,5.933769169079608,0.29878132304099975,0.18597830322088638,2.00702518643603,0.33814292694332015,1.037288266560086
37,611,239.38661376000005,0.6198167942065809,0.9093833176748193,0.7195586030829552,0.10825991659143981,6.593748983156228,0.297135045620095,0.18546417593331527,2.0035094125007054,0.29780954237863977,1.06628451566472
38,622,271.0666137600001,0.6956096745147697,0.7583690965314667,0.39879318388113966,24.99983032166176,0.517914667642506,0.3037760595146207,0.18350037642137057,2.0013671684258023,0.9387651747727526,1.1034245319056206
39,632,299.86661376000006,0.6667627985777549,1.0158905538874663,0.36654712709368403,0.08702193401124816,1.8728128055379138,0.2732620493416408,0.19144189428983333,2.0003564360923263,0.8154746031328292,1.0724363600914455
40,642,328.66661376,0.6222553703207171,0.9458857043125363,0.4866677392955831,0.04461195873481263,0.08769111408918154,0.267982390397281,0.19453005277808963,2.0007920020167638,0.9248679640413972,3.7523796125266253
41,653,360.3466137600001,0.6098619326836456,0.9424666944754225,0.4621774841542118,0.059528347756737286,0.06939833850876052,0.28996655048347686,0.18923845164160366,2.000531250231019,0.874070873107232,3.269323823548092
42,663,389.14661376000004,0.6807962771366024,0.8228344321153042,0.436452895561712,0.06826351382481782,0.16427781740878175,0.2992658892633435,0.18445237867972436,2.005599726288861,0.7277114561722584,1.0389620456774005
43,674,420.8266137600001,0.4840284236503153,0.9415259366853332,0.49945574106945423,0.06896669108270977,0.02614873397199066,0.27211618961700673,0.18946216639933083,2.0030038082562256,0.678267905401032,1.0687767797453618
44,684,449.62661376000005,0.5033886313279328,0.8038887237956951,0.5355097663226904,24.999830208259098,0.1703322281027466,0.34204474906698074,0.1683992258850916,2.001276029491481,0.9443280788916094,1.1060935203604478
45,695,481.3066137600001,0.5405119353556583,0.8118924559530224,0.3666297656443145,0.06267443548858381,0.12864513421154739,0.3118791733978933,0.16677870953441223,2.000351684718863,0.7391737723161774,1.0296159788517192
46,705,510.1066137600001,0.6163373995483892,0.6404112768552925,0.2805204587628297,0.040282594823435255,0.06459772823072991,0.2695250473864407,0.16277880468787906,2.0007497064944477,0.5845518698694362,1.000000158562467
47,715,538.90661376,0.5580478017699343,0.7536866534185069,0.3627520069738491,0.055659905042024206,0.06100922380520997,0.3023338090179679,0.1497980351514623,2.0005258835266653,0.8771593302141724,1.1698098436114828
