,lineout pixel,Radius (\mum),amp3_general,ud_general,Va_general,Te_electron,Ti_ion-1,Z_ion-1
0,233,-849.2533862399999,1.1448578431519139,24.869987471895186,8.828376323168644,0.0946609737071633,0.04904886635617452,6.270769883994538
1,242,-823.33338624,1.2374706828093844,24.991585827122428,8.495793771202301,0.09230442687686266,0.052368283665533005,6.996130596584292
2,250,-800.2933862399999,1.1172084744866275,24.97522190740282,8.585867156751302,0.08601909632619485,0.051358474990758345,6.9914742454474545
3,259,-774.37338624,1.1852492999149744,24.99791339328953,8.715007469921193,0.09396998564749759,0.05519986236719576,6.999984819073515
4,268,-748.4533862399999,1.2456446631611784,24.999995919234557,8.32361555524464,0.10028274721503604,0.05901585944574335,6.99999996696533
5,276,-725.4133862399999,1.1583513109928025,24.999617006354768,8.634703612384907,0.10671621932880203,0.05144052827095692,6.99999995906578
6,285,-699.49338624,1.277036622509132,24.925346605527956,8.560043755528763,0.1086805877963668,0.058996156730607346,6.998630344315393
7,294,-673.5733862399999,1.3456312171787947,24.99192021335591,8.708994376077946,0.12622535426384415,0.05963499872379491,6.99631650480641
8,302,-650.5333862399999,1.2429578246079804,24.97880561774261,8.593780902852348,0.12976877633592648,0.07057205270930277,6.992543938785458
9,311,-624.61338624,1.1898157362384774,24.99795527819439,9.029246306359251,0.12148136649783382,0.06947330835340387,6.999984824009959
10,320,-598.6933862399999,1.2888901520825626,24.99999591950121,8.950654648502088,0.13538870334068343,0.06885219185249201,6.999999966965374
11,329,-572.7733862399999,1.2938980799558166,24.999619777317605,8.715876580676454,0.14036324322441268,0.0760413216030326,6.99999995906586
12,337,-549.73338624,1.3243036103601202,24.928126747103043,8.733482664163564,0.15251482488425067,0.08012284848254592,6.998633031100538
13,346,-523.8133862399999,1.0056953905564403,24.991973241224677,9.14414581408332,0.1319751414083989,0.07151734634411516,6.996343258021771
14,355,-497.8933862399999,0.9385480223966945,24.979068304350555,9.977216144033186,0.11476162130265165,0.06439390281681052,6.99261142845549
15,363,-474.85338623999996,0.73077879626563,24.997959652588968,8.625047312952233,0.15967310643023652,0.0855082448184228,6.9999848246625165
16,372,-448.9333862399999,0.9837912360384691,24.999995919522476,9.994879739277735,0.08603469555624976,0.14079534568352778,6.999999966965377
17,381,-423.01338624000005,0.9335556490903564,24.999619870240288,9.995281414881049,0.07964921786712582,0.11708977004009223,6.999999959065861
18,389,-399.97338623999985,0.9533071354108128,24.929418920955833,7.919335497075782,0.1610694730282466,0.0867407524926483,6.9986342615798325
19,398,-374.05338624,0.9399407557392018,24.9919809669694,9.797732285322112,0.07561104612398083,0.11633982157432705,6.996344738314376
20,407,-348.13338623999994,0.921511576135648,24.979098200017376,9.977607195411487,0.10528515887016182,0.061835754159614474,6.99261710105318
21,415,-325.09338624,0.9732697752483299,24.99796050925736,7.8249657745864845,0.17142390975422148,0.08419813989954587,6.999984824808063
22,424,-299.1733862399999,0.7095580654590589,24.99999591952306,9.994844902576538,0.12492658930677711,0.45812232197886754,6.999999966965377
23,433,-273.25338624000005,0.7693205214206917,24.999619871905388,9.995257687597501,0.16027873002602652,0.4581063530244119,6.999999959065861
24,441,-250.21338623999986,1.3505956037918851,24.929811146728532,7.604603329465114,0.18934996590768,0.0898924897379314,6.998634716604141
25,450,-224.29338624000002,0.6616231474928457,24.991979885782115,9.763354896024062,0.11057845546839153,0.5354796865337869,6.996345359020635
26,459,-198.37338623999995,0.5541949087844167,24.97911627215428,9.976796480072899,0.12663808170733112,0.05180431252842776,6.9926275213721505
27,467,-175.33338623999998,1.3287475288157453,24.997960832331863,7.680971864248669,0.17564342838961824,0.08787669170358353,6.999984824859631
28,476,-149.4133862399999,0.6081753143619757,24.9999959195232,9.99483002387868,0.11410608984213617,0.545556852020152,6.999999966965377
29,485,-123.49338624000006,0.7009341333631335,24.999619874277613,9.995249144417727,0.14328423775364413,0.4907151986483271,6.999999959065861
30,493,-100.45338623999987,1.4526455944364327,24.929937744832536,7.449939303484552,0.17914447441131753,0.08587904332917289,6.998634843579501
31,502,-74.53338624000003,0.7082874521421122,24.991980071327816,9.755605099796572,0.10734179078205641,0.5288634065074522,6.996345346649269
32,511,-48.613386239999954,0.8080207426726034,24.979118970726276,9.976538520060867,0.12050454520285064,0.046155558924560906,6.992629428848927
33,519,-25.57338623999999,1.4138432761984587,24.99796097813236,7.211514279743643,0.1611519838644528,0.07879272693497716,6.999984824878794
34,528,0.34661376000008204,0.704867000236438,24.999995919523293,9.994824150858975,0.10572400408569145,0.5613512894292059,6.999999966965377
35,537,26.266613760000155,0.6393481247123138,24.999619876306916,9.995246996086859,0.1517633824484361,0.4615089561445235,6.999999959065861
36,546,52.18661376,1.4242293901975134,24.930837156030222,7.21950360481738,0.15572072247562727,0.07463797844635009,6.998635825871126
37,554,75.22661375999996,0.6623435769493775,24.991981776611624,9.654759029111112,0.07945138125802861,0.6058278103030248,6.996345108017932
38,563,101.14661376000004,1.8784760045282072,24.97917138508378,9.975065908343986,0.06734556188565706,0.037859545950073126,6.992642365683549
39,572,127.06661376000011,1.472548771237061,24.9979619614071,6.94688404819744,0.13695001671438617,0.0669964740992596,6.999984825033142
40,580,150.10661376000007,0.6050691725801164,24.999995919523847,9.994791670510729,0.05766075991144057,0.6141803397792476,6.999999966965377
41,589,176.02661376000015,0.47073104249536335,24.9996198833337,9.995210316791649,0.06252581183010508,0.6686261164646001,6.999999959065861
42,598,201.94661376,0.6290513759815196,24.93076984525826,7.2116643552977635,0.034456867556038065,0.38823851768844214,6.998635046924656
43,606,224.98661375999995,0.5759209173594653,24.991982399220987,9.611421155313657,0.048299059631523644,0.5769323465726739,6.9963437804676
44,615,250.90661376000003,2.022342979116464,24.97919227285381,9.974641322674625,0.04138256047492435,0.02627291687469511,6.992641966375738
45,624,276.8266137600001,0.8535027286038636,24.997962198847837,6.559787003014485,0.07675196487764574,0.028918218650717073,6.999984825026676
46,632,299.86661376000006,0.5557201133502281,24.999995919523954,9.994784198256689,0.04519129084589263,0.6045414621096045,6.999999966965377
47,641,325.78661376000014,0.5831359415452058,24.99961988363893,9.995207720773397,0.048300514144014345,0.6666413074599973,6.999999959065861
48,650,351.70661376,0.8540106434644069,24.93068023574868,8.000259985073978,0.02108395979199265,0.3601564141912744,6.998634649522548
49,658,374.74661375999995,0.6532838145261117,24.99198341819904,9.440874019346694,0.025306240832356258,0.5374343027943899,6.996341598121946
50,667,400.66661376,2.2042730935829646,24.979220954376487,9.974133800503893,0.02349871101445211,0.017394702371031325,6.992640999961925
51,676,426.5866137600001,1.1931647468114372,24.99796238461885,7.071243667424238,0.06063356924892023,0.02966464127039547,6.999984825045302
52,684,449.62661376000005,0.5620040875883267,24.999995919524416,9.99476036143911,0.06328729387856441,0.5601577987207761,6.999999966965377
53,693,475.5466137600001,0.6396282051690965,24.999619906091922,9.99516527460236,0.10038263837637705,0.20079628435888214,6.999999959065862
54,702,501.46661376,0.9906169567713302,24.93135956218586,4.554856588503714,0.022815248398545755,0.06425885463413128,6.998635494945702
55,710,524.5066137599999,0.9839666577543303,24.99199397796022,3.6450507712551588,0.014107786606069157,0.05057117521985486,6.996343966442375
56,719,550.42661376,1.7220499774748792,24.979225177294012,9.97417827867383,0.016576091143041326,0.019031897983296867,6.992631477799328
57,728,576.3466137600001,1.2154171502637967,24.997971276968556,2.9531842404837683,0.019307858780048044,0.010028369488468938,6.999984826357117
58,736,599.38661376,1.0209175363767204,24.999995919525546,9.994753818498506,0.1189665470271643,0.169446388353423,6.999999966965377
59,745,625.3066137600001,0.7361973884758597,24.9996199060284,9.995164968567302,0.08940445378947133,0.23368233798214,6.999999959065862
60,754,651.2266137600002,0.7849150503245067,24.931881289703504,4.886570871345617,0.012252701959838446,0.3662832764316655,6.998634636279517
61,763,677.1466137599998,0.9667461599675847,24.991990958383425,5.6182449677197255,0.012615831755505128,0.8988220836079769,6.996339499689856
62,771,700.1866137600002,1.17434053256547,24.979264829648123,9.974928877118163,0.022977851642499013,0.01168153013872471,6.99266673431323
63,780,726.1066137599998,1.4528874842710575,24.99797192745826,-3.041401805282571,0.02311343949459893,0.010028302413077887,6.999984826481773
64,789,752.0266137599999,0.8305681877466857,24.99999591952554,9.99473055739546,0.12012493570459323,0.7484728033104298,6.999999966965377
65,797,775.0666137599999,0.6897003441520989,24.999619906923172,9.99515362380961,0.14968211100816198,0.6828804523132244,6.999999959065862
