,lineout pixel,Radius (\mum),amp1_general,amp2_general,Te_electron,ne_electron,m_electron
0,242,-816.265724350804,0.856052111504252,1.0130808389429018,0.16138777138698504,0.07466450056952262,2.0286081969182206
1,249,-796.1057243508039,0.8293019937899612,1.09682885035244,0.1784050808510078,0.0796285926427873,2.00141425464553
2,256,-775.945724350804,0.7514533837554377,0.9540024020408039,0.16574733570608555,0.08358294927504861,2.001778143083651
3,263,-755.785724350804,0.7350359984668386,1.2171241968971775,0.18476926017274176,0.09446626874613813,2.0000003623707885
4,270,-735.6257243508039,0.856706517695293,0.8308992148673287,0.20669087695763178,0.0901570874326005,2.0000121375445072
5,277,-715.465724350804,0.7961618642767335,1.0933561068058761,0.19683302660905505,0.09756748600592798,2.0000121185082436
6,284,-695.305724350804,0.8379645442011572,1.1783158167878698,0.20208191412522294,0.1004420758836658,2.0284156521335253
7,291,-675.145724350804,0.8446743347882111,1.0885470775720052,0.2214263160728137,0.10288227346821749,2.0014137466723465
8,298,-654.9857243508039,0.8574757090637308,0.8763742988718781,0.2056507931402535,0.10837827790268247,2.00177733869817
9,305,-634.825724350804,0.9203187192773948,1.1706859961537253,0.20987823611156137,0.11012942124532733,2.000000362370759
10,312,-614.665724350804,0.8786085665931775,0.9870051435461173,0.20561850440452237,0.11888095788452542,2.0000121375330253
11,319,-594.505724350804,0.8516838880018026,1.1337534025547775,0.2130306456589848,0.11867485209393859,2.0000121184435597
12,326,-574.345724350804,0.9406227491712424,1.2491534009341123,0.21239862280714958,0.12409892472537479,2.0282293912821596
13,333,-554.185724350804,0.8593550844004354,1.1030783726171678,0.22426462223678864,0.12604011932165846,2.001413631445736
14,340,-534.025724350804,0.8687134410010328,1.3017256612059334,0.2321653670938495,0.13337627652409476,2.0017765970767925
15,347,-513.8657243508039,0.7914803272497954,1.3533021058810324,0.2235653790794027,0.13654963658229,2.000000362370742
16,354,-493.70572435080396,0.9048432975100467,0.9904185657180677,0.21952833147688752,0.14151164367614788,2.000012137519749
17,361,-473.545724350804,0.9443859195970771,1.1587390339468275,0.23660197317674111,0.13831337740317864,2.0000121184043698
18,367,-456.265724350804,0.9461877166637772,1.1459382371765774,0.2293304201599176,0.13978801593507745,2.0280044818598975
19,374,-436.10572435080394,0.9105208790428465,1.1086976649989615,0.2189514804019909,0.13922020240910934,2.001413371222168
20,381,-415.9457243508041,0.9540686795752095,1.2804660350899544,0.21618417502273637,0.14185479863453687,2.0017767894186336
21,388,-395.785724350804,0.9296236961092172,0.8594299251759078,0.23628935391323191,0.13531524391614255,2.0000003623707285
22,395,-375.6257243508039,0.8628664350734487,1.1163755201651127,0.23647599496177477,0.14006782186882774,2.0000121375106437
23,402,-355.46572435080407,0.758390429200508,1.2756277457237928,0.24583103859561048,0.14061431480931483,2.000012118389137
24,409,-335.305724350804,0.9342714070670419,1.014355239337549,0.21486252355501517,0.1490924160860793,2.027810423526825
25,416,-315.1457243508039,0.9198019589754081,1.2829816687535867,0.21623517163655911,0.14944916005894257,2.001412651376087
26,423,-294.98572435080405,0.8680821163971044,1.3368547964642024,0.22777189530348727,0.14940691387551802,2.001775795123331
27,430,-274.82572435080397,0.8505054888120714,1.287764362955565,0.23651922663594607,0.1488688057644519,2.000000362370717
28,437,-254.66572435080388,0.7456144725665986,1.2403509837326887,0.23168038902084112,0.14749459202221085,2.0000121374968733
29,444,-234.50572435080403,0.8916884208604876,0.8332564566538071,0.21703602565343635,0.15120971479513612,2.0000121183793804
30,451,-214.34572435080395,0.9102009637667867,1.032148568732426,0.23503953321806112,0.15051399036225308,2.0275947513454855
31,458,-194.1857243508041,0.9459980204985903,1.184578641451036,0.21764825728930054,0.15779378040589156,2.0014124588879034
32,465,-174.025724350804,0.893318378416675,0.975928091525386,0.22998626676520398,0.15434163173142149,2.0017752880251205
33,472,-153.86572435080393,0.8512201791162636,1.0709687538663895,0.24757906459006632,0.1472120224703454,2.000000362370713
34,479,-133.70572435080408,0.8385288326994479,1.2304730507762414,0.22921100080579102,0.1534235722238405,2.000012137446231
35,486,-113.545724350804,0.8117226191460639,1.0614902426503625,0.2326221920742606,0.15126330710861677,2.0000121183518917
36,492,-96.26572435080402,0.8199412821389044,1.3160174508755367,0.24652984364688224,0.15165504782698436,2.0274860049658345
37,499,-76.10572435080394,0.8931718891090449,1.1364546260731867,0.22228828999693892,0.1579342570672923,2.0014116077919826
38,506,-55.945724350804085,0.9051481003258975,0.9945587134919864,0.2250027447474518,0.15715922417246628,2.0017743625102304
39,513,-35.785724350804,0.7903856011906923,1.2161417264354761,0.24200177972408252,0.15291661478294266,2.000000362370644
40,520,-15.625724350803921,0.8811259628856665,1.053624052645497,0.2587026241838002,0.1459558240291474,2.000012137428348
41,527,4.5342756491959335,0.9001819200115211,0.9866113207947319,0.24101057726599687,0.15283967875801652,2.0000121183252184
42,534,24.694275649196015,0.8505742949246605,1.276532748363096,0.24467027560145135,0.14723947830929038,2.0273928877269407
43,541,44.8542756491961,0.7487433069604943,1.3371688308113447,0.23260948002125809,0.15509180268886574,2.0014110860285403
44,548,65.01427564919595,0.8358592716999893,1.1631857786487347,0.24771412044926353,0.149570961775643,2.001773660205326
45,555,85.17427564919603,0.8924337208812921,0.8139453573006116,0.22407650836993478,0.15295876964226202,2.0000003623706237
46,562,105.33427564919589,0.8601887971705267,0.8499977463335023,0.24956575967488034,0.14261883379160653,2.000012137433704
47,569,125.49427564919597,0.8247208350745281,0.766081744928269,0.2444421628463999,0.14357397133801883,2.000012118311995
48,576,145.65427564919605,0.9234663834625194,0.8445933986837023,0.24763116735285282,0.14354744824210827,2.027276196885635
49,583,165.8142756491959,0.8747651109150894,0.6772900640255722,0.2174454985829666,0.15207557351566062,2.0014105169071312
50,590,185.974275649196,0.854378972448031,1.138175341157689,0.24187628284336127,0.14398711318300028,2.001772550218845
51,597,206.13427564919607,0.7297294089986746,1.1670205145058214,0.2375623704138739,0.14196988646313843,2.000000362370602
52,604,226.29427564919592,0.8491681471482463,1.1409462953356297,0.22876551487828115,0.14337008745665736,2.0000121373771274
53,611,246.454275649196,0.9619410941230268,0.8339034894960259,0.21775775894440622,0.14503321485981338,2.000012118262209
54,617,263.734275649196,0.7499980585327771,1.0284718007700628,0.2450497667334488,0.1378310179225624,2.0268778677502013
55,624,283.89427564919606,0.8301232681733755,1.3246407930028328,0.21911779417178426,0.140609926381532,2.0014094606646213
56,631,304.0542756491959,0.7316278183158194,1.0636814159007788,0.22535842234584366,0.13486590821954528,2.0017710378448452
57,638,324.214275649196,0.8523141042557858,0.7168918508657203,0.21562329482056608,0.1352758250518744,2.0000003623705527
58,645,344.3742756491961,0.8245989534753325,1.2668621733739343,0.24442324997931184,0.12686221065049347,2.000012137336324
59,652,364.53427564919593,0.7736833725791176,1.0461403428096787,0.22358245287539733,0.1223545269152163,2.000012118226579
60,659,384.694275649196,0.8080877829952511,1.1947828053891731,0.21804473245445863,0.1215158084246874,2.026638855676693
61,666,404.8542756491961,0.8494487407373271,1.0052191355892017,0.21295397850177578,0.11529590226367899,2.00140863759295
62,673,425.01427564919595,0.6470892260573958,1.068101911557176,0.247294448547375,0.10886811183983898,2.0017696965009613
63,680,445.17427564919603,0.8762590247796919,1.1509403315901738,0.2051823630104763,0.1072896725950042,2.000000362370513
64,687,465.3342756491959,0.9271306359571491,1.0185417520391673,0.19692658180520026,0.10095492206250588,2.000012137295813
65,694,485.49427564919597,0.6338039287305871,1.0595741648223131,0.21714243996727076,0.09894799873597544,2.000012118200298
66,701,505.65427564919605,0.6537654164681694,1.1157228333087785,0.19635863628826275,0.09436380753897147,2.0263852388648487
67,708,525.8142756491959,0.8327385898311668,0.9866705364137649,0.17087567568688394,0.09374058447179011,2.001408234679695
68,715,545.974275649196,0.6819414607162985,0.911292833907835,0.18370635984861147,0.08071780656297539,2.0017692428292797
69,722,566.1342756491958,0.7188101293337309,0.8882957525408377,0.17786271915670868,0.07752605158510277,2.0000003623704807
70,729,586.2942756491962,0.5556369357096744,1.1327605916132142,0.1757784197669932,0.07731068134973504,2.0000121372533437
71,736,606.454275649196,0.3630581386565496,1.1791805892177225,0.19958327118030372,0.07641860585873456,2.000012118187965
